-- Adminer 4.2.0 MySQL dump

INSERT INTO `actions` (`id`, `time_performed`, `user_id`, `ip_address`, `action_type`, `severity`, `object_id`, `object_type`, `object2_id`, `object2_type`, `metadata`) VALUES
(1, '2015-03-09 02:21:28',  1,  '192.168.56.1', 'create',   1,  1,  'Maker',    NULL,   NULL,   '{\"id\":\"1\",\"slug\":\"ginatrapani\",\"username\":\"ginatrapani\",\"name\":\"Gina Trapani\",\"url\":\"http:\\/\\/ginatrapani.org\",\"avatar_url\":\"http:\\/\\/pbs.twimg.com\\/profile_images\\/550825678673682432\\/YRqb4FJE.png\",\"creation_time\":null}'),
(2, '2015-03-09 02:21:41',  1,  '192.168.56.1', 'create',   1,  1,  'Product',  NULL,   NULL,   '{\"id\":\"1\",\"slug\":\"lifehacker\",\"name\":\"Lifehacker\",\"description\":\"Don\'t live to geek; geek to live.\",\"url\":\"http:\\/\\/lifehacker.com\",\"avatar_url\":\"http:\\/\\/pbs.twimg.com\\/profile_images\\/1861146796\\/Twitter_-_Avatar.png\",\"creation_time\":null}'),
(3, '2015-03-09 02:21:54',  1,  '192.168.56.1', 'create',   1,  2,  'Product',  NULL,   NULL,   '{\"id\":\"2\",\"slug\":\"todotxt\",\"name\":\"Todo.txt\",\"description\":\"Apps that manage your personal todo.txt file at the command line, on Android & iOS. Dropbox built in.\",\"url\":\"http:\\/\\/todotxt.com\",\"avatar_url\":\"http:\\/\\/pbs.twimg.com\\/profile_images\\/2843613884\\/456d5bd0b70386b50e36399171d314dc.png\",\"creation_time\":null}'),
(4, '2015-03-09 02:22:05',  1,  '192.168.56.1', 'create',   1,  3,  'Product',  NULL,   NULL,   '{\"id\":\"3\",\"slug\":\"androidshow\",\"name\":\"All About Android\",\"description\":\"We\'re TWiT\'s All About Android. Giving you help & how-to\'s, news, hardware and app advice for the Android faithful. Hosted by @raygun01, @ginatrapani & @ronxo,\",\"url\":\"http:\\/\\/twit.tv\\/aaa\",\"avatar_url\":\"http:\\/\\/pbs.twimg.com\\/profile_images\\/3083976369\\/d33a0dfc083b5dabed1361e920395600.jpeg\",\"creation_time\":null}'),
(5, '2015-03-09 02:22:16',  1,  '192.168.56.1', 'create',   1,  4,  'Product',  NULL,   NULL,   '{\"id\":\"4\",\"slug\":\"thinkup\",\"name\":\"ThinkUp\",\"description\":\"Daily insights about your Twitter and Facebook life. Try it for free! Support: help@thinkup.com (We agree: https:\\/\\/t.co\\/gyk48GPOmz )\",\"url\":\"https:\\/\\/thinkup.com\",\"avatar_url\":\"http:\\/\\/pbs.twimg.com\\/profile_images\\/502058337287282688\\/mXWw3qLL.jpeg\",\"creation_time\":null}'),
(6, '2015-03-09 02:22:24',  1,  '192.168.56.1', 'create',   1,  2,  'Maker',    NULL,   NULL,   '{\"id\":\"2\",\"slug\":\"adampash\",\"username\":\"adampash\",\"name\":\"Adam Pash\",\"url\":\"http:\\/\\/adampash.com\",\"avatar_url\":\"http:\\/\\/pbs.twimg.com\\/profile_images\\/58148540\\/avatar.png\",\"creation_time\":null}'),
(7, '2015-03-09 02:22:30',  1,  '192.168.56.1', 'create',   1,  3,  'Maker',    NULL,   NULL,   '{\"id\":\"3\",\"slug\":\"anildash\",\"username\":\"anildash\",\"name\":\"Anil Dash\",\"url\":\"http:\\/\\/anildash.com\",\"avatar_url\":\"http:\\/\\/pbs.twimg.com\\/profile_images\\/529664614863101952\\/yBQgCUMW.png\",\"creation_time\":null}'),
(8, '2015-03-09 02:22:43',  1,  '192.168.56.1', 'create',   1,  4,  'Maker',    NULL,   NULL,   '{\"id\":\"4\",\"slug\":\"gknauss\",\"username\":\"gknauss\",\"name\":\"Greg Knauss\",\"url\":\"http:\\/\\/www.eod.com\",\"avatar_url\":\"http:\\/\\/pbs.twimg.com\\/profile_images\\/38137892\\/greg-icon-128.gif\",\"creation_time\":null}'),
(9, '2015-03-09 02:22:50',  1,  '192.168.56.1', 'create',   1,  5,  'Maker',    NULL,   NULL,   '{\"id\":\"5\",\"slug\":\"mwilkie\",\"username\":\"mwilkie\",\"name\":\"Mark Wilkie\",\"url\":\"http:\\/\\/www.buzzfeed.com\",\"avatar_url\":\"http:\\/\\/pbs.twimg.com\\/profile_images\\/1355914717\\/Disco_ball_in_action.jpg\",\"creation_time\":null}'),
(10,    '2015-03-09 02:22:58',  1,  '192.168.56.1', 'create',   1,  5,  'Product',  NULL,   NULL,   '{\"id\":\"5\",\"slug\":\"BuzzFeed\",\"name\":\"BuzzFeed\",\"description\":\"News - Buzz - Life.Download the BuzzFeed App: http:\\/\\/t.co\\/dEdAvsrXkQ\",\"url\":\"http:\\/\\/www.buzzfeed.com\",\"avatar_url\":\"http:\\/\\/pbs.twimg.com\\/profile_images\\/516601006545588225\\/8TO2Ayk0.png\",\"creation_time\":null}'),
(11,    '2015-03-09 02:23:28',  1,  '192.168.56.1', 'associate',    1,  1,  'Maker',    3,  'Product',  '{\"id\":null,\"product_id\":\"3\",\"maker_id\":\"1\",\"role\":\"Co-host\",\"start\":\"2012-01-01\",\"end\":\"2014-01-01\",\"creation_time\":null,\"maker\":{\"id\":\"1\",\"slug\":\"ginatrapani\",\"username\":\"ginatrapani\",\"name\":\"Gina Trapani\",\"url\":\"http:\\/\\/ginatrapani.org\",\"avatar_url\":\"http:\\/\\/pbs.twimg.com\\/profile_images\\/550825678673682432\\/YRqb4FJE.png\",\"creation_time\":\"2015-03-08 22:21:28\"},\"product\":{\"id\":\"3\",\"slug\":\"androidshow\",\"name\":\"All About Android\",\"description\":\"We\'re TWiT\'s All About Android. Giving you help & how-to\'s, news, hardware and app advice for the Android faithful. Hosted by @raygun01, @ginatrapani & @ronxo,\",\"url\":\"http:\\/\\/twit.tv\\/aaa\",\"avatar_url\":\"http:\\/\\/pbs.twimg.com\\/profile_images\\/3083976369\\/d33a0dfc083b5dabed1361e920395600.jpeg\",\"creation_time\":\"2015-03-08 22:22:05\"}}'),
(12,    '2015-03-09 02:24:32',  1,  '192.168.56.1', 'associate',    1,  1,  'Maker',    4,  'Product',  '{\"id\":null,\"product_id\":\"4\",\"maker_id\":\"1\",\"role\":\"Creator, lead developer, open source community manager, co-founder\",\"start\":\"2009-07-01\",\"end\":\"\",\"creation_time\":null,\"maker\":{\"id\":\"1\",\"slug\":\"ginatrapani\",\"username\":\"ginatrapani\",\"name\":\"Gina Trapani\",\"url\":\"http:\\/\\/ginatrapani.org\",\"avatar_url\":\"http:\\/\\/pbs.twimg.com\\/profile_images\\/550825678673682432\\/YRqb4FJE.png\",\"creation_time\":\"2015-03-08 22:21:28\"},\"product\":{\"id\":\"4\",\"slug\":\"thinkup\",\"name\":\"ThinkUp\",\"description\":\"Daily insights about your Twitter and Facebook life. Try it for free! Support: help@thinkup.com (We agree: https:\\/\\/t.co\\/gyk48GPOmz )\",\"url\":\"https:\\/\\/thinkup.com\",\"avatar_url\":\"http:\\/\\/pbs.twimg.com\\/profile_images\\/502058337287282688\\/mXWw3qLL.jpeg\",\"creation_time\":\"2015-03-08 22:22:16\"}}'),
(13,    '2015-03-09 02:25:45',  1,  '192.168.56.1', 'associate',    1,  3,  'Maker',    4,  'Product',  '{\"id\":null,\"product_id\":\"4\",\"maker_id\":\"3\",\"role\":\"Co-founder, working on everything from running the business to hacking CSS\",\"start\":\"2009-08-01\",\"end\":\"\",\"creation_time\":null,\"maker\":{\"id\":\"3\",\"slug\":\"anildash\",\"username\":\"anildash\",\"name\":\"Anil Dash\",\"url\":\"http:\\/\\/anildash.com\",\"avatar_url\":\"http:\\/\\/pbs.twimg.com\\/profile_images\\/529664614863101952\\/yBQgCUMW.png\",\"creation_time\":\"2015-03-08 22:22:30\"},\"product\":{\"id\":\"4\",\"slug\":\"thinkup\",\"name\":\"ThinkUp\",\"description\":\"Daily insights about your Twitter and Facebook life. Try it for free! Support: help@thinkup.com (We agree: https:\\/\\/t.co\\/gyk48GPOmz )\",\"url\":\"https:\\/\\/thinkup.com\",\"avatar_url\":\"http:\\/\\/pbs.twimg.com\\/profile_images\\/502058337287282688\\/mXWw3qLL.jpeg\",\"creation_time\":\"2015-03-08 22:22:16\"}}'),
(14,    '2015-03-09 02:26:09',  1,  '192.168.56.1', 'associate',    1,  5,  'Maker',    4,  'Product',  '{\"id\":null,\"product_id\":\"4\",\"maker_id\":\"5\",\"role\":\"Developer and backend architect\",\"start\":\"2010-01-01\",\"end\":\"2012-01-01\",\"creation_time\":null,\"maker\":{\"id\":\"5\",\"slug\":\"mwilkie\",\"username\":\"mwilkie\",\"name\":\"Mark Wilkie\",\"url\":\"http:\\/\\/www.buzzfeed.com\",\"avatar_url\":\"http:\\/\\/pbs.twimg.com\\/profile_images\\/1355914717\\/Disco_ball_in_action.jpg\",\"creation_time\":\"2015-03-08 22:22:50\"},\"product\":{\"id\":\"4\",\"slug\":\"thinkup\",\"name\":\"ThinkUp\",\"description\":\"Daily insights about your Twitter and Facebook life. Try it for free! Support: help@thinkup.com (We agree: https:\\/\\/t.co\\/gyk48GPOmz )\",\"url\":\"https:\\/\\/thinkup.com\",\"avatar_url\":\"http:\\/\\/pbs.twimg.com\\/profile_images\\/502058337287282688\\/mXWw3qLL.jpeg\",\"creation_time\":\"2015-03-08 22:22:16\"}}'),
(15,    '2015-03-09 02:26:22',  1,  '192.168.56.1', 'associate',    1,  4,  'Maker',    4,  'Product',  '{\"id\":null,\"product_id\":\"4\",\"maker_id\":\"4\",\"role\":\"Sysops\",\"start\":\"2014-01-01\",\"end\":\"\",\"creation_time\":null,\"maker\":{\"id\":\"4\",\"slug\":\"gknauss\",\"username\":\"gknauss\",\"name\":\"Greg Knauss\",\"url\":\"http:\\/\\/www.eod.com\",\"avatar_url\":\"http:\\/\\/pbs.twimg.com\\/profile_images\\/38137892\\/greg-icon-128.gif\",\"creation_time\":\"2015-03-08 22:22:43\"},\"product\":{\"id\":\"4\",\"slug\":\"thinkup\",\"name\":\"ThinkUp\",\"description\":\"Daily insights about your Twitter and Facebook life. Try it for free! Support: help@thinkup.com (We agree: https:\\/\\/t.co\\/gyk48GPOmz )\",\"url\":\"https:\\/\\/thinkup.com\",\"avatar_url\":\"http:\\/\\/pbs.twimg.com\\/profile_images\\/502058337287282688\\/mXWw3qLL.jpeg\",\"creation_time\":\"2015-03-08 22:22:16\"}}'),
(16,    '2015-03-09 02:26:47',  1,  '192.168.56.1', 'create',   1,  6,  'Maker',    NULL,   NULL,   '{\"id\":\"6\",\"slug\":\"ronxo\",\"username\":\"ronxo\",\"name\":\"Ron Richards\",\"url\":\"http:\\/\\/about.me\\/ronxo\",\"avatar_url\":\"http:\\/\\/pbs.twimg.com\\/profile_images\\/3645051786\\/a53992f469385ee60adcd46e897f4ed9.jpeg\",\"creation_time\":null}'),
(17,    '2015-03-09 02:26:57',  1,  '192.168.56.1', 'associate',    1,  6,  'Maker',    3,  'Product',  '{\"id\":null,\"product_id\":\"3\",\"maker_id\":\"6\",\"role\":\"Co-host\",\"start\":\"\",\"end\":\"\",\"creation_time\":null,\"maker\":{\"id\":\"6\",\"slug\":\"ronxo\",\"username\":\"ronxo\",\"name\":\"Ron Richards\",\"url\":\"http:\\/\\/about.me\\/ronxo\",\"avatar_url\":\"http:\\/\\/pbs.twimg.com\\/profile_images\\/3645051786\\/a53992f469385ee60adcd46e897f4ed9.jpeg\",\"creation_time\":\"2015-03-08 22:26:47\"},\"product\":{\"id\":\"3\",\"slug\":\"androidshow\",\"name\":\"All About Android\",\"description\":\"We\'re TWiT\'s All About Android. Giving you help & how-to\'s, news, hardware and app advice for the Android faithful. Hosted by @raygun01, @ginatrapani & @ronxo,\",\"url\":\"http:\\/\\/twit.tv\\/aaa\",\"avatar_url\":\"http:\\/\\/pbs.twimg.com\\/profile_images\\/3083976369\\/d33a0dfc083b5dabed1361e920395600.jpeg\",\"creation_time\":\"2015-03-08 22:22:05\"}}'),
(18,    '2015-03-09 02:27:09',  1,  '192.168.56.1', 'create',   1,  7,  'Maker',    NULL,   NULL,   '{\"id\":\"7\",\"slug\":\"jasonhowell\",\"username\":\"jasonhowell\",\"name\":\"Jason Howell\",\"url\":\"http:\\/\\/yellowgoldmusic.com\",\"avatar_url\":\"http:\\/\\/pbs.twimg.com\\/profile_images\\/552204125450936320\\/8LNXUdP7.jpeg\",\"creation_time\":null}'),
(19,    '2015-03-09 02:27:22',  1,  '192.168.56.1', 'associate',    1,  7,  'Maker',    3,  'Product',  '{\"id\":null,\"product_id\":\"3\",\"maker_id\":\"7\",\"role\":\"Creator and co-host\",\"start\":\"\",\"end\":\"\",\"creation_time\":null,\"maker\":{\"id\":\"7\",\"slug\":\"jasonhowell\",\"username\":\"jasonhowell\",\"name\":\"Jason Howell\",\"url\":\"http:\\/\\/yellowgoldmusic.com\",\"avatar_url\":\"http:\\/\\/pbs.twimg.com\\/profile_images\\/552204125450936320\\/8LNXUdP7.jpeg\",\"creation_time\":\"2015-03-08 22:27:09\"},\"product\":{\"id\":\"3\",\"slug\":\"androidshow\",\"name\":\"All About Android\",\"description\":\"We\'re TWiT\'s All About Android. Giving you help & how-to\'s, news, hardware and app advice for the Android faithful. Hosted by @raygun01, @ginatrapani & @ronxo,\",\"url\":\"http:\\/\\/twit.tv\\/aaa\",\"avatar_url\":\"http:\\/\\/pbs.twimg.com\\/profile_images\\/3083976369\\/d33a0dfc083b5dabed1361e920395600.jpeg\",\"creation_time\":\"2015-03-08 22:22:05\"}}'),
(20,    '2015-03-09 02:28:11',  1,  '192.168.56.1', 'associate',    1,  1,  'Maker',    1,  'Product',  '{\"id\":null,\"product_id\":\"1\",\"maker_id\":\"1\",\"role\":\"Founding and lead editor\",\"start\":\"2005-01-01\",\"end\":\"2009-01-01\",\"creation_time\":null,\"maker\":{\"id\":\"1\",\"slug\":\"ginatrapani\",\"username\":\"ginatrapani\",\"name\":\"Gina Trapani\",\"url\":\"http:\\/\\/ginatrapani.org\",\"avatar_url\":\"http:\\/\\/pbs.twimg.com\\/profile_images\\/550825678673682432\\/YRqb4FJE.png\",\"creation_time\":\"2015-03-08 22:21:28\"},\"product\":{\"id\":\"1\",\"slug\":\"lifehacker\",\"name\":\"Lifehacker\",\"description\":\"Don\'t live to geek; geek to live.\",\"url\":\"http:\\/\\/lifehacker.com\",\"avatar_url\":\"http:\\/\\/pbs.twimg.com\\/profile_images\\/1861146796\\/Twitter_-_Avatar.png\",\"creation_time\":\"2015-03-08 22:21:41\"}}'),
(21,    '2015-03-09 02:28:23',  1,  '192.168.56.1', 'associate',    1,  2,  'Maker',    1,  'Product',  '{\"id\":null,\"product_id\":\"1\",\"maker_id\":\"2\",\"role\":\"Editor-in-chief\",\"start\":\"2009-01-01\",\"end\":\"\",\"creation_time\":null,\"maker\":{\"id\":\"2\",\"slug\":\"adampash\",\"username\":\"adampash\",\"name\":\"Adam Pash\",\"url\":\"http:\\/\\/adampash.com\",\"avatar_url\":\"http:\\/\\/pbs.twimg.com\\/profile_images\\/58148540\\/avatar.png\",\"creation_time\":\"2015-03-08 22:22:24\"},\"product\":{\"id\":\"1\",\"slug\":\"lifehacker\",\"name\":\"Lifehacker\",\"description\":\"Don\'t live to geek; geek to live.\",\"url\":\"http:\\/\\/lifehacker.com\",\"avatar_url\":\"http:\\/\\/pbs.twimg.com\\/profile_images\\/1861146796\\/Twitter_-_Avatar.png\",\"creation_time\":\"2015-03-08 22:21:41\"}}'),
(22,    '2015-03-09 02:29:03',  1,  '192.168.56.1', 'associate',    1,  1,  'Maker',    2,  'Product',  '{\"id\":null,\"product_id\":\"2\",\"maker_id\":\"1\",\"role\":\"Creator, lead developer, open source community manager\",\"start\":\"2006-05-01\",\"end\":\"\",\"creation_time\":null,\"maker\":{\"id\":\"1\",\"slug\":\"ginatrapani\",\"username\":\"ginatrapani\",\"name\":\"Gina Trapani\",\"url\":\"http:\\/\\/ginatrapani.org\",\"avatar_url\":\"http:\\/\\/pbs.twimg.com\\/profile_images\\/550825678673682432\\/YRqb4FJE.png\",\"creation_time\":\"2015-03-08 22:21:28\"},\"product\":{\"id\":\"2\",\"slug\":\"todotxt\",\"name\":\"Todo.txt\",\"description\":\"Apps that manage your personal todo.txt file at the command line, on Android & iOS. Dropbox built in.\",\"url\":\"http:\\/\\/todotxt.com\",\"avatar_url\":\"http:\\/\\/pbs.twimg.com\\/profile_images\\/2843613884\\/456d5bd0b70386b50e36399171d314dc.png\",\"creation_time\":\"2015-03-08 22:21:54\"}}'),
(23,    '2015-03-09 02:29:40',  1,  '192.168.56.1', 'update',   0,  4,  'Product',  NULL,   NULL,   '{\"id\":\"4\",\"slug\":\"thinkup\",\"name\":\"ThinkUp\",\"description\":\"Daily insights about your Twitter and Facebook life.\",\"url\":\"https:\\/\\/thinkup.com\",\"avatar_url\":\"http:\\/\\/pbs.twimg.com\\/profile_images\\/502058337287282688\\/mXWw3qLL.jpeg\",\"creation_time\":\"2015-03-08 22:22:16\"}'),
(24,    '2015-03-09 02:30:38',  1,  '192.168.56.1', 'associate',    1,  5,  'Maker',    5,  'Product',  '{\"id\":null,\"product_id\":\"5\",\"maker_id\":\"5\",\"role\":\"CTO\",\"start\":\"\",\"end\":\"\",\"creation_time\":null,\"maker\":{\"id\":\"5\",\"slug\":\"mwilkie\",\"username\":\"mwilkie\",\"name\":\"Mark Wilkie\",\"url\":\"http:\\/\\/www.buzzfeed.com\",\"avatar_url\":\"http:\\/\\/pbs.twimg.com\\/profile_images\\/1355914717\\/Disco_ball_in_action.jpg\",\"creation_time\":\"2015-03-08 22:22:50\"},\"product\":{\"id\":\"5\",\"slug\":\"BuzzFeed\",\"name\":\"BuzzFeed\",\"description\":\"News - Buzz - Life.Download the BuzzFeed App: http:\\/\\/t.co\\/dEdAvsrXkQ\",\"url\":\"http:\\/\\/www.buzzfeed.com\",\"avatar_url\":\"http:\\/\\/pbs.twimg.com\\/profile_images\\/516601006545588225\\/8TO2Ayk0.png\",\"creation_time\":\"2015-03-08 22:22:58\"}}');

INSERT INTO `connections` (`user_id`, `object_id`, `object_type`, `creation_time`) VALUES
(1, 1,  'Maker',    '2015-03-09 02:21:28'),
(1, 1,  'Product',  '2015-03-09 02:21:41'),
(1, 2,  'Maker',    '2015-03-09 02:22:24'),
(1, 2,  'Product',  '2015-03-09 02:21:54'),
(1, 3,  'Maker',    '2015-03-09 02:22:30'),
(1, 3,  'Product',  '2015-03-09 02:22:05'),
(1, 4,  'Maker',    '2015-03-09 02:22:43'),
(1, 4,  'Product',  '2015-03-09 02:22:16'),
(1, 5,  'Maker',    '2015-03-09 02:22:50'),
(1, 5,  'Product',  '2015-03-09 02:22:58'),
(1, 6,  'Maker',    '2015-03-09 02:26:47'),
(1, 7,  'Maker',    '2015-03-09 02:27:09');

INSERT INTO `makers` (`id`, `slug`, `username`, `name`, `url`, `avatar_url`, `creation_time`) VALUES
(1, 'ginatrapani',  'ginatrapani',  'Gina Trapani', 'http://ginatrapani.org',   'http://pbs.twimg.com/profile_images/550825678673682432/YRqb4FJE.png',  '2015-03-09 02:21:28'),
(2, 'adampash', 'adampash', 'Adam Pash',    'http://adampash.com',  'http://pbs.twimg.com/profile_images/58148540/avatar.png',  '2015-03-09 02:22:24'),
(3, 'anildash', 'anildash', 'Anil Dash',    'http://anildash.com',  'http://pbs.twimg.com/profile_images/529664614863101952/yBQgCUMW.png',  '2015-03-09 02:22:30'),
(4, 'gknauss',  'gknauss',  'Greg Knauss',  'http://www.eod.com',   'http://pbs.twimg.com/profile_images/38137892/greg-icon-128.gif',   '2015-03-09 02:22:43'),
(5, 'mwilkie',  'mwilkie',  'Mark Wilkie',  'http://www.buzzfeed.com',  'http://pbs.twimg.com/profile_images/1355914717/Disco_ball_in_action.jpg',  '2015-03-09 02:22:50'),
(6, 'ronxo',    'ronxo',    'Ron Richards', 'http://about.me/ronxo',    'http://pbs.twimg.com/profile_images/3645051786/a53992f469385ee60adcd46e897f4ed9.jpeg', '2015-03-09 02:26:47'),
(7, 'jasonhowell',  'jasonhowell',  'Jason Howell', 'http://yellowgoldmusic.com',   'http://pbs.twimg.com/profile_images/552204125450936320/8LNXUdP7.jpeg', '2015-03-09 02:27:09');

INSERT INTO `products` (`id`, `slug`, `name`, `description`, `url`, `avatar_url`, `creation_time`) VALUES
(1, 'lifehacker',   'Lifehacker',   'Don\'t live to geek; geek to live.',   'http://lifehacker.com',    'http://pbs.twimg.com/profile_images/1861146796/Twitter_-_Avatar.png',  '2015-03-09 02:21:41'),
(2, 'todotxt',  'Todo.txt', 'Apps that manage your personal todo.txt file at the command line, on Android & iOS. Dropbox built in.',    'http://todotxt.com',   'http://pbs.twimg.com/profile_images/2843613884/456d5bd0b70386b50e36399171d314dc.png',  '2015-03-09 02:21:54'),
(3, 'androidshow',  'All About Android',    'We\'re TWiT\'s All About Android. Giving you help & how-to\'s, news, hardware and app advice for the Android faithful. Hosted by @raygun01, @ginatrapani & @ronxo,',   'http://twit.tv/aaa',   'http://pbs.twimg.com/profile_images/3083976369/d33a0dfc083b5dabed1361e920395600.jpeg', '2015-03-09 02:22:05'),
(4, 'thinkup',  'ThinkUp',  'Daily insights about your Twitter and Facebook life.', 'https://thinkup.com',  'http://pbs.twimg.com/profile_images/502058337287282688/mXWw3qLL.jpeg', '2015-03-09 02:22:16'),
(5, 'BuzzFeed', 'BuzzFeed', 'News - Buzz - Life.Download the BuzzFeed App: http://t.co/dEdAvsrXkQ', 'http://www.buzzfeed.com',  'http://pbs.twimg.com/profile_images/516601006545588225/8TO2Ayk0.png',  '2015-03-09 02:22:58');

INSERT INTO `roles` (`id`, `product_id`, `maker_id`, `role`, `start`, `end`, `creation_time`) VALUES
(1, 3,  1,  'Co-host',  '2012-01-01',   '2014-01-01',   '2015-03-09 02:23:28'),
(2, 4,  1,  'Creator, lead developer, open source community manager, co-founder',   '2009-07-01',   null,   '2015-03-09 02:24:32'),
(3, 4,  3,  'Co-founder, working on everything from running the business to hacking CSS',   '2009-08-01',   null,   '2015-03-09 02:25:45'),
(4, 4,  5,  'Developer and backend architect',  '2010-01-01',   '2012-01-01',   '2015-03-09 02:26:09'),
(5, 4,  4,  'Sysops',   '2014-01-01',   null,   '2015-03-09 02:26:22'),
(6, 3,  6,  'Co-host',  null,   null,   '2015-03-09 02:26:57'),
(7, 3,  7,  'Creator and co-host',  null,   null,   '2015-03-09 02:27:22'),
(8, 1,  1,  'Founding and lead editor', '2005-01-01',   '2009-01-01',   '2015-03-09 02:28:11'),
(9, 1,  2,  'Editor-in-chief',  '2009-01-01',   null,   '2015-03-09 02:28:23'),
(10,    2,  1,  'Creator, lead developer, open source community manager',   '2006-05-01',   null,   '2015-03-09 02:29:03'),
(11,    5,  5,  'CTO',  null,   null,   '2015-03-09 02:30:38');

INSERT INTO `users` (`id`, `name`, `url`, `avatar_url`, `twitter_user_id`, `twitter_username`, `creation_time`, `last_login_time`, `twitter_oauth_access_token`, `twitter_oauth_access_token_secret`, `maker_id`) VALUES
(1, 'Gina Trapani', 'http://ginatrapani.org',   'http://pbs.twimg.com/profile_images/550825678673682432/YRqb4FJE_normal.png',   '930061',   'ginatrapani',  '2015-03-09 02:21:22',  '2015-03-09 02:21:22',  '930061-celUhQfokswjgpKHriRGJvKVPOp8cDnHaFUnxfsL8h3',   'OzllrOqWoj4bzsvbZjWzF9iAkkbOIwNZMQx5mu1QkFXqA',    NULL);

-- 2015-03-09 02:44:48
